Order,Status
TEST2144591,Finished
TEST2144590,Finished
TEST2144589,Finished
TEST244588,Finished
TEST244587,Finished
TEST244586,Finished
TEST244585,Finished
TEST244584,Finished
TEST244583,Finished
TEST244581,Finished
TEST244580,Finished
TEST244579,Finished
TEST244578,Finished
TEST244577,Finished
TEST244576,Finished
TEST244575,Finished
TEST244574,Finished
TEST244573,Finished
TEST244572,Finished
TEST244571,Finished
TEST244570,Finished
TEST244569,Finished
TEST244567,Finished
TEST244566,Finished
TEST244565,Finished
TEST244564,Finished
TEST244563,Finished
TEST244562,Finished
TEST244561,Finished
TEST244560,Finished
TEST244559,Finished
TEST244558,Finished
TEST244557,Finished
TEST244556,Finished
TEST244555,Finished
TEST244553,Finished
TEST244552,Finished
TEST244551,Finished
TEST244550,Finished
TEST244549,Finished
